user_id,total_messages,avg_score
1,1,0.20805931
2,1,0.5847609
3,2,0.74113834
