user_id,total_messages,avg_score
1,1,0.7835967
2,1,0.06869763
3,2,0.59584016
